109056338149032,name,109056338148912
109056338149032,argument,109056338148816
109056338147968,name,109056338147840
109056338147968,body,109056338147864
109056338147408,name,109056338147296
109056338147408,argument,109056338147200
109056338146464,condition,109056338143696
109056338146464,condition,109056338143704
109056338146016,name,109056338145904
109056338146016,argument,109056338145808
109056338145408,name,109056338145296
109056338145408,argument,109056338145200
109056338143488,left,109056338142976
109056338143488,operator,109056338143384
109056338143488,right,109056338143280
109056338142640,name,109056338101376
109056338142640,body,109056338101400
109056338142208,name,109056338142096
109056338142208,argument,109056338142000
109056338106440,name,109056338113920
109056338106440,value,109056338113936
109056338112512,name,109056338105280
109056338112512,argument,109056338111056
109056338112512,argument,109056338111488
